{"cameraMode":{"drawMode":0,"name":"Shaded","section":"Shading Mode"},"sceneLighting":true,"audioPlay":false,"sceneViewState":{"m_AlwaysRefresh":false,"showFog":true,"showSkybox":true,"showFlares":true,"showImageEffects":true,"showParticleSystems":true,"showVisualEffectGraphs":true,"m_FxEnabled":true},"in2DMode":false,"pivot":{"x":404.7723388671875,"y":4.0957794189453129,"z":-92.58062744140625},"rotation":{"x":0.004048393107950687,"y":0.9885822534561157,"z":-0.027004657313227655,"w":0.14819763600826264},"size":401.56549072265627,"orthographic":false}